Materia,Num_Materia,Nom1,Nom2,Nom3,Nom4,Nom5,Nom6,Nom7,Nom8,Nom9,Nom10,Nom11,Nom12,Nom13,Nom14,Nom15,Nom16,Nom17,Nom18,Nom19,Nom20
Administración Actuarial del Riesgo,1,Administración,Administración Actuarial,Administración Actuarial del Riesgo,/Administración Actuarial/Administración Actuarial del Riesgo,0,0,0,0,0,0,0,0,0,0,0,0,0,0,0,0
Contabilidad,2,Contabilidad,Contabilidad/Contabilidad/Contabilidad/Contabilidad,0,0,0,0,0,0,0,0,0,0,0,0,0,0,0,0,0,0
Recuperación y Búsqueda de Información en Textos,3,Seminario de Inteligencia Artificial,Recuperación y Búsqueda de Información en Textos,0,0,0,0,0,0,0,0,0,0,0,0,0,0,0,0,0,0
Administración de Empresas de Software,4,/Seminario de Aplicaciones a las Ciencias Sociales y Administrativas/Administración de Empresas de Software,/Seminario de Aplicaciones a las Ciencias Sociales y Administrativas/Riesgo Tecnológico,Seminario de Aplicaciones a las Ciencias Sociales y Administrativas,Administración de Empresas de Software,Riesgo Tecnológico,0,0,0,0,0,0,0,0,0,0,0,0,0,0,0
Probabilidad I,5,Probabilidad I/Probabilidad I/Probabilidad I/Probabilidad I/Probabilidad I/Probabilidad I/Probabilidad I,Probabilidad I,Probabilidad y Estadística,0,0,0,0,0,0,0,0,0,0,0,0,0,0,0,0,0
Mecánica Vectorial,6,Mecánica Vectorial,Cálculo Tensorial,0,0,0,0,0,0,0,0,0,0,0,0,0,0,0,0,0,0
Fenómenos Colectivos,7,Fenómenos Colectivos,0,0,0,0,0,0,0,0,0,0,0,0,0,0,0,0,0,0,0
Electromagnetismo I,8,Electromagnetismo I,0,0,0,0,0,0,0,0,0,0,0,0,0,0,0,0,0,0,0
Introducción a la Física Cuántica,9,Introducción a la Física Cuántica,0,0,0,0,0,0,0,0,0,0,0,0,0,0,0,0,0,0,0
Óptica,10,Óptica,0,0,0,0,0,0,0,0,0,0,0,0,0,0,0,0,0,0,0
Electromagnetismo II,11,Electromagnetismo II,Electromagnetismo II/Electromagnetismo II/Electromagnetismo II,0,0,0,0,0,0,0,0,0,0,0,0,0,0,0,0,0,0
Funciones Especiales y Transformadas Integrales,12,Matemáticas Avanzadas de la Física,Funciones Especiales y Transformadas Integrales,Análisis de Fourier I,Análisis de Fourier II,Introducción a las Funciones Recursivas y Computabilidad,/Funciones Especiales y Transformadas Integrales/Funciones Especiales y Transformadas Integrales/Matemáticas Avanzadas de la Física,Introducción a las Funciones Recursivas y Computabilidad/Introducción a las Funciones Recursivas y Computabilidad/Introducción a las Funciones Recursivas y Computabilidad/Introducción a las Funciones Recursivas y Computabilidad,Funciones Especiales y Transformadas Integrales/Funciones Especiales y Transformadas Integrales/Funciones Especiales y Transformadas Integrales,0,0,0,0,0,0,0,0,0,0,0,0
Mecánica Analítica,13,Mecánica Analítica,Introducción Matemática a la Mecánica Celeste/Introducción Matemática a la Mecánica Celeste/Introducción Matemática a la Mecánica Celeste,Introducción Matemática a la Mecánica Celeste,0,0,0,0,0,0,0,0,0,0,0,0,0,0,0,0,0
Termodinámica,14,Termodinámica,0,0,0,0,0,0,0,0,0,0,0,0,0,0,0,0,0,0,0
Física Computacional,15,Física Computacional,Supercómputo,0,0,0,0,0,0,0,0,0,0,0,0,0,0,0,0,0,0
Mecánica Cuántica,16,Mecánica Cuántica,Mecánica Cuántica/Mecánica Cuántica/Mecánica Cuántica,0,0,0,0,0,0,0,0,0,0,0,0,0,0,0,0,0,0
Relatividad,17,Relatividad,0,0,0,0,0,0,0,0,0,0,0,0,0,0,0,0,0,0,0
Dinámica de Medios Deformables,18,Dinámica de Medios Deformables,0,0,0,0,0,0,0,0,0,0,0,0,0,0,0,0,0,0,0
Física Estadística,19,Física Estadística,0,0,0,0,0,0,0,0,0,0,0,0,0,0,0,0,0,0,0
Álgebra Moderna I,20,Álgebra Moderna I,0,0,0,0,0,0,0,0,0,0,0,0,0,0,0,0,0,0,0
Álgebra Superior I,21,Álgebra Superior I,Álgebra Superior I/Álgebra Superior I/Álgebra Superior I/Álgebra Superior I/Álgebra Superior I/Álgebra Superior I/Álgebra Superior I/Álgebra Superior I,0,0,0,0,0,0,0,0,0,0,0,0,0,0,0,0,0,0
Álgebra Lineal I,22,Álgebra Lineal I,Álgebra Lineal I/Álgebra Lineal I/Álgebra Lineal I/Álgebra Lineal I/Álgebra Lineal I/Álgebra Lineal I/Álgebra Lineal I/Álgebra Lineal I,0,0,0,0,0,0,0,0,0,0,0,0,0,0,0,0,0,0
Topología II,23,Topología II/Topología II/Topología II/Topología II/Topología II,Topología II,0,0,0,0,0,0,0,0,0,0,0,0,0,0,0,0,0,0
Álgebra Moderna II,24,Álgebra Moderna II,Álgebra Moderna II/Álgebra Moderna II/Álgebra Moderna II/Álgebra Moderna II/Álgebra Moderna II,0,0,0,0,0,0,0,0,0,0,0,0,0,0,0,0,0,0
Álgebra Lineal II,25,Álgebra Lineal II,Álgebra Lineal II/Álgebra Lineal II/Álgebra Lineal II/Álgebra Lineal II/Álgebra Lineal II/Álgebra Lineal II/Álgebra Lineal II/Álgebra Lineal II,0,0,0,0,0,0,0,0,0,0,0,0,0,0,0,0,0,0
Álgebra Moderna III,26,Álgebra Moderna III,Álgebra Moderna III/Álgebra Moderna III/Álgebra Moderna III,0,0,0,0,0,0,0,0,0,0,0,0,0,0,0,0,0,0
Geometría Analítica II,27,Geometría Analítica II/Geometría Analítica II/Geometría Analítica II/Geometría Analítica II/Geometría Analítica II/Geometría Analítica II/Geometría Analítica II,Geometría Analítica II,0,0,0,0,0,0,0,0,0,0,0,0,0,0,0,0,0,0
Seminario de Álgebra A,28,Seminario de Álgebra A,Seminario de Álgebra A/Seminario de Álgebra A/Seminario de Álgebra A,0,0,0,0,0,0,0,0,0,0,0,0,0,0,0,0,0,0
Variable Compleja I,29,Variable Compleja I,Variable Compleja I/Variable Compleja I/Variable Compleja I/Variable Compleja I/Variable Compleja I,0,0,0,0,0,0,0,0,0,0,0,0,0,0,0,0,0,0
Análisis Matemático I,30,Análisis Matemático I,Análisis Matemático I/Análisis Matemático I/Análisis Matemático I/Análisis Matemático I/Análisis Matemático I/Análisis Matemático I/Análisis Matemático I,0,0,0,0,0,0,0,0,0,0,0,0,0,0,0,0,0,0
Topología I,31,Topología I/Topología I/Topología I/Topología I/Topología I/Topología I,Topología I,0,0,0,0,0,0,0,0,0,0,0,0,0,0,0,0,0,0
Álgebra Superior II,32,Álgebra Superior II,Álgebra Superior II/Álgebra Superior II/Álgebra Superior II/Álgebra Superior II/Álgebra Superior II/Álgebra Superior II/Álgebra Superior II/Álgebra Superior II,0,0,0,0,0,0,0,0,0,0,0,0,0,0,0,0,0,0
Teoría de Gráficas,33,Teoría de Gráficas,Teoría de Gráficas/Teoría de Gráficas/Teoría de Gráficas/Teoría de Gráficas/Teoría de Gráficas/Teoría de Gráficas/Teoría de Gráficas,Teoría de las Gráficas II/Teoría de las Gráficas II/Teoría de las Gráficas II,Teoría de las Gráficas II,0,0,0,0,0,0,0,0,0,0,0,0,0,0,0,0
Seminario de Topología A,34,Seminario de Topología A/Seminario de Topología A/Seminario de Topología A,Seminario de Topología A,0,0,0,0,0,0,0,0,0,0,0,0,0,0,0,0,0,0
Geometría Analítica I,35,Geometría Analítica I,Geometría Analítica I/Geometría Analítica I/Geometría Analítica I/Geometría Analítica I/Geometría Analítica I/Geometría Analítica I/Geometría Analítica I,0,0,0,0,0,0,0,0,0,0,0,0,0,0,0,0,0,0
Introducción a las Matemáticas Discretas,36,Graficas y Juegos/Graficas y Juegos/Graficas y Juegos/Graficas y Juegos,Graficas y Juegos,/Graficas y Juegos/Graficas y Juegos/Graficas y Juegos/Introducción a las Matemáticas Discretas,Introducción a las Matemáticas Discretas,0,0,0,0,0,0,0,0,0,0,0,0,0,0,0,0
Geometría Moderna I,37,Geometría Moderna I,Geometría Moderna I/Geometría Moderna I/Geometría Moderna I/Geometría Moderna I,0,0,0,0,0,0,0,0,0,0,0,0,0,0,0,0,0,0
Probabilidad II,38,Probabilidad II/Probabilidad II/Probabilidad II/Probabilidad II/Probabilidad II/Probabilidad II/Probabilidad II/Probabilidad II,Probabilidad II,0,0,0,0,0,0,0,0,0,0,0,0,0,0,0,0,0,0
Análisis Matemático II,39,Análisis Matemático II,Análisis Matemático II/Análisis Matemático II/Análisis Matemático II/Análisis Matemático II/Análisis Matemático II/Análisis Matemático II,0,0,0,0,0,0,0,0,0,0,0,0,0,0,0,0,0,0
Análisis Matemático III,40,Análisis Matemático III,Análisis Matemático III/Análisis Matemático III/Análisis Matemático III/Análisis Matemático III/Análisis Matemático III,0,0,0,0,0,0,0,0,0,0,0,0,0,0,0,0,0,0
Modelos de Supervivencia y de Series de Tiempo,41,Estadística III/Estadística III/Estadística III,/Estadística III/Modelos de Supervivencia y de Series de Tiempo/Estadística III,Estadística III,Modelos de Supervivencia y de Series de Tiempo,Series de Tiempo,Series de Tiempo/Series de Tiempo/Series de Tiempo/Series de Tiempo/Series de Tiempo,0,0,0,0,0,0,0,0,0,0,0,0,0,0
Inferencia Estadística,42,Estadística I/Estadística I/Estadística I/Estadística I/Estadística I/Estadística I,/Estadística I/Estadística I/Inferencia Estadística/Estadística I/Estadística I/Estadística I/Inferencia Estadística,Estadística I,Inferencia Estadística,0,0,0,0,0,0,0,0,0,0,0,0,0,0,0,0
Investigación de Operaciones,43,/Investigación de Operaciones/Investigación de Operaciones/Investigación de Operaciones/Introducción a la Investigación de Operaciones/Investigación de Operaciones/Investigación de Operaciones/Investigación de Operaciones,Investigación de Operaciones,Introducción a la Investigación de Operaciones,Investigación de Operaciones/Investigación de Operaciones/Investigación de Operaciones/Investigación de Operaciones/Investigación de Operaciones/Investigación de Operaciones/Investigación de Operaciones,0,0,0,0,0,0,0,0,0,0,0,0,0,0,0,0
Teoría de Redes,44,/Análisis de Redes/Teoría de Redes/Teoría de Redes/Análisis de Redes/Teoría de Redes/Teoría de Redes/Teoría de Redes,Análisis de Redes,Teoría de Redes,Análisis de Redes/Análisis de Redes/Análisis de Redes,/Análisis de Redes/Teoría de Redes/Teoría de Redes/Teoría de Redes/Teoría de Redes/Análisis de Redes/Teoría de Redes/Teoría de Redes/Teoría de Redes/Teoría de Redes/Teoría de Redes/Teoría de Redes,0,0,0,0,0,0,0,0,0,0,0,0,0,0,0
Cálculo de las Variaciones,45,Cálculo de las Variaciones/Cálculo de las Variaciones/Cálculo de las Variaciones/Cálculo de las Variaciones,Cálculo de las Variaciones,0,0,0,0,0,0,0,0,0,0,0,0,0,0,0,0,0,0
Cálculo Diferencial e Integral IV,46,Cálculo Diferencial e Integral IV/Cálculo Diferencial e Integral IV/Cálculo Diferencial e Integral IV/Cálculo Diferencial e Integral IV/Cálculo Diferencial e Integral IV/Cálculo Diferencial e Integral IV/Cálculo Diferencial e Integral IV,Cálculo Diferencial e Integral IV,Cálculo Diferencial e Integral IV/Cálculo Diferencial e Integral IV/Cálculo Diferencial e Integral IV/Cálculo Diferencial e Integral IV/Cálculo Diferencial e Integral IV/Cálculo Diferencial e Integral IV,0,0,0,0,0,0,0,0,0,0,0,0,0,0,0,0,0
Cálculo Diferencial e Integral I,47,Cálculo Diferencial e Integral I,Cálculo Diferencial e Integral I/Cálculo Diferencial e Integral I/Cálculo Diferencial e Integral I/Cálculo Diferencial e Integral I/Cálculo Diferencial e Integral I/Cálculo Diferencial e Integral I/Cálculo Diferencial e Integral I,0,0,0,0,0,0,0,0,0,0,0,0,0,0,0,0,0,0
Cálculo Diferencial e Integral II,48,Cálculo Diferencial e Integral II/Cálculo Diferencial e Integral II/Cálculo Diferencial e Integral II/Cálculo Diferencial e Integral II/Cálculo Diferencial e Integral II/Cálculo Diferencial e Integral II/Cálculo Diferencial e Integral II,Cálculo Diferencial e Integral II,0,0,0,0,0,0,0,0,0,0,0,0,0,0,0,0,0,0
Cálculo Diferencial e Integral III,49,Cálculo Diferencial e Integral III/Cálculo Diferencial e Integral III/Cálculo Diferencial e Integral III/Cálculo Diferencial e Integral III/Cálculo Diferencial e Integral III/Cálculo Diferencial e Integral III/Cálculo Diferencial e Integral III,Cálculo Diferencial e Integral III,0,0,0,0,0,0,0,0,0,0,0,0,0,0,0,0,0,0
Manejo de Datos,50,Bases de Datos/Bases de Datos/Bases de Datos/Bases de Datos,/Bases de Datos/Bases de Datos/Bases de Datos/Formación Científica I,Bases de Datos,Formación Científica I,Sistemas Manejadores de Bases de Datos,Sistemas de Bases de Datos,Grandes Bases de Datos,Fundamentos de Bases de Datos,Almacenes y Minería de Datos,Manejo de Datos,Sistemas Manejadores de Bases de Datos/Sistemas Manejadores de Bases de Datos/Sistemas Manejadores de Bases de Datos,/Sistemas de Bases de Datos/Sistemas de Bases de Datos/Fundamentos de Bases de Datos,/Grandes Bases de Datos/Almacenes y Minería de Datos,Manejo de Datos/Manejo de Datos/Manejo de Datos,Programación II/Programación II/Programación II,Programación II,0,0,0,0
Ecuaciones Diferenciales I,51,Ecuaciones Diferenciales I,Ecuaciones Diferenciales I/Ecuaciones Diferenciales I/Ecuaciones Diferenciales I/Ecuaciones Diferenciales I/Ecuaciones Diferenciales I/Ecuaciones Diferenciales I/Ecuaciones Diferenciales I,0,0,0,0,0,0,0,0,0,0,0,0,0,0,0,0,0,0
Análisis Numérico,52,Análisis Numérico,Análisis Numérico II,Temas Selectos de Análisis Numérico,/Análisis Numérico/Análisis Numérico/Análisis Numérico/Análisis Numérico I/Análisis Numérico/Análisis Numérico/Análisis Numérico,Temas Selectos de Análisis Numérico/Temas Selectos de Análisis Numérico/Temas Selectos de Análisis Numérico/Temas Selectos de Análisis Numérico/Temas Selectos de Análisis Numérico/Temas Selectos de Análisis Numérico/Temas Selectos de Análisis Numérico,Análisis Numérico I,0,0,0,0,0,0,0,0,0,0,0,0,0,0
Geometría Diferencial I,53,Geometría Diferencial I/Geometría Diferencial I/Geometría Diferencial I,Geometría Diferencial I,0,0,0,0,0,0,0,0,0,0,0,0,0,0,0,0,0,0
Seminario sobre Enseñanza de las Matemáticas I,54,Seminario sobre Enseñanza de las Matemáticas I/Seminario sobre Enseñanza de las Matemáticas I/Seminario sobre Enseñanza de las Matemáticas I/Seminario sobre Enseñanza de las Matemáticas I,Seminario sobre Enseñanza de las Matemáticas I,Seminario de Filosofía de la Ciencia I,Seminario de Filosofía de la Ciencia I/Seminario de Filosofía de la Ciencia I/Seminario de Filosofía de la Ciencia I,Didáctica de las Matemáticas/Didáctica de las Matemáticas/Didáctica de las Matemáticas,Didáctica de las Matemáticas,Análisis Numérico/Análisis Numérico/Análisis Numérico/Análisis Numérico/Análisis Numérico/Análisis Numérico/Análisis Numérico,0,0,0,0,0,0,0,0,0,0,0,0,0
Historia de las Matemáticas II,55,Historia de las Matemáticas II/Historia de las Matemáticas II/Historia de las Matemáticas II,Historia de las Matemáticas II,0,0,0,0,0,0,0,0,0,0,0,0,0,0,0,0,0,0
Historia de las Matemáticas I,56,Historia de las Matemáticas I/Historia de las Matemáticas I/Historia de las Matemáticas I,Historia de las Matemáticas I,0,0,0,0,0,0,0,0,0,0,0,0,0,0,0,0,0,0
Modelos no Paramétricos y de Regresión,57,Estadística II,Modelos no Paramétricos y de Regresión,Estadística II/Estadística II/Estadística II/Estadística II/Estadística II,/Estadística II/Estadística II/Modelos no Paramétricos y de Regresión/Estadística II/Estadística II/Modelos no Paramétricos y de Regresión,Análisis de Regresión/Análisis de Regresión/Análisis de Regresión/Análisis de Regresión,Análisis de Regresión,0,0,0,0,0,0,0,0,0,0,0,0,0,0
Pensiones Privadas,58,Pensiones Privadas/Pensiones Privadas/Pensiones Privadas/Pensiones Privadas,Pensiones Privadas,0,0,0,0,0,0,0,0,0,0,0,0,0,0,0,0,0,0
Teoría del Seguro,59,Teoría del Seguro/Teoría del Seguro/Teoría del Seguro/Teoría del Seguro,Teoría del Seguro,0,0,0,0,0,0,0,0,0,0,0,0,0,0,0,0,0,0
Muestreo,60,Muestreo/Muestreo/Muestreo/Muestreo/Muestreo,Muestreo,0,0,0,0,0,0,0,0,0,0,0,0,0,0,0,0,0,0
Lógica Matemática I,61,Lógica Matemática I,Lógica Matemática I/Lógica Matemática I/Lógica Matemática I/Lógica Matemática I/Lógica Matemática I,0,0,0,0,0,0,0,0,0,0,0,0,0,0,0,0,0,0
Teoría de los Conjuntos I,62,Teoría de los Conjuntos I/Teoría de los Conjuntos I/Teoría de los Conjuntos I/Teoría de los Conjuntos I,Teoría de los Conjuntos I,0,0,0,0,0,0,0,0,0,0,0,0,0,0,0,0,0,0
Ingeniería de Software,63,Ingeniería de Software/Ingeniería de Software/Ingeniería de Software/Ingeniería de Software/Ingeniería de Software/Ingeniería de Software,Ingeniería de Software,0,0,0,0,0,0,0,0,0,0,0,0,0,0,0,0,0,0
Autómatas y Lenguajes Formales,64,/Teoría de la Computación/Teoría de la Computación/Autómatas y Lenguajes Formales/Teoría de la Computación,Teoría de la Computación,Autómatas y Lenguajes Formales,0,0,0,0,0,0,0,0,0,0,0,0,0,0,0,0,0
Estructuras Discretas,65,/Matemáticas Discretas/Estructuras Discretas/Matemáticas Discretas,Estructuras Discretas,Matemáticas Discretas,Matemáticas Discretas/Matemáticas Discretas/Matemáticas Discretas,0,0,0,0,0,0,0,0,0,0,0,0,0,0,0,0
Programación,66,Programación I,Programación,Programación I/Programación I/Programación I,Programación/Programación/Programación,/Programación I/Programación I/Programación/Programación,0,0,0,0,0,0,0,0,0,0,0,0,0,0,0
Procesos Estocásticos I,67,/Procesos Estocásticos I/Procesos Estocásticos/Procesos Estocásticos I/Procesos Estocásticos/Procesos Estocásticos I/Procesos Estocásticos I,Procesos Estocásticos I,Procesos Estocásticos,0,0,0,0,0,0,0,0,0,0,0,0,0,0,0,0,0
Redes de Computadoras,68,Redes de Computadoras/Redes de Computadoras/Redes de Computadoras/Redes de Computadoras/Redes de Computadoras/Redes de Computadoras,Redes de Computadoras,0,0,0,0,0,0,0,0,0,0,0,0,0,0,0,0,0,0
Teoría de los Números I,69,Teoría de los Números I/Teoría de los Números I/Teoría de los Números I/Teoría de los Números I/Teoría de los Números I,Teoría de los Números I,0,0,0,0,0,0,0,0,0,0,0,0,0,0,0,0,0,0
Seminario de Geometría A,70,Seminario de Geometría A,Seminario de Geometría A/Seminario de Geometría A/Seminario de Geometría A,Álgebra Geométrica,Geometría Algebraica II/Geometría Algebraica II/Geometría Algebraica II,Geometría Algebraica II,0,0,0,0,0,0,0,0,0,0,0,0,0,0,0
Seminario sobre Enseñanza de las Matemáticas II,71,Seminario sobre Enseñanza de las Matemáticas II/Seminario sobre Enseñanza de las Matemáticas II/Seminario sobre Enseñanza de las Matemáticas II/Seminario sobre Enseñanza de las Matemáticas II,Seminario sobre Enseñanza de las Matemáticas II,0,0,0,0,0,0,0,0,0,0,0,0,0,0,0,0,0,0
Teoría de los Conjuntos II,72,Teoría de los Conjuntos II,Teoría de los Conjuntos II/Teoría de los Conjuntos II/Teoría de los Conjuntos II/Teoría de los Conjuntos II,0,0,0,0,0,0,0,0,0,0,0,0,0,0,0,0,0,0
Variable Compleja II,73,Variable Compleja II/Variable Compleja II/Variable Compleja II/Variable Compleja II,Variable Compleja II,0,0,0,0,0,0,0,0,0,0,0,0,0,0,0,0,0,0
Administración Financiera,74,Administración Financiera/Administración Financiera/Administración Financiera/Administración Financiera,Administración Financiera,0,0,0,0,0,0,0,0,0,0,0,0,0,0,0,0,0,0
"Matemáticas Actuariales para Seguro de Daños, Fianzas y Reaseguro",75,Fianzas,Matemáticas Actuariales del Seguro de Daños,Reaseguro,Reaseguro Financiero,Matemáticas Actuariales para Seguro de Daños,Fianzas/Fianzas/Fianzas/Fianzas,Matemáticas Actuariales del Seguro de Daños/Matemáticas Actuariales del Seguro de Daños/Matemáticas Actuariales del Seguro de Daños,Reaseguro/Reaseguro/Reaseguro/Reaseguro,0,0,0,0,0,0,0,0,0,0,0,0
Teoría de Juegos en Economía,76,/Teoría de Juegos I/Teoría de Juegos en Economía/Teoría de Juegos en Economía/Teoría de Juegos en Economía/Teoría de Juegos I/Teoría de Juegos I,Teoría de Juegos en Economía,Teoría de Juegos I,0,0,0,0,0,0,0,0,0,0,0,0,0,0,0,0,0
Administración de Riesgos Financieros,77,Administración de Riesgos Financieros/Administración de Riesgos Financieros/Administración de Riesgos Financieros/Administración de Riesgos Financieros,Administración de Riesgos Financieros,0,0,0,0,0,0,0,0,0,0,0,0,0,0,0,0,0,0
Métodos Cuantitativos en Finanzas,78,Finanzas II,Métodos Cuantitativos en Finanzas,Finanzas II/Finanzas II/Finanzas II,/Finanzas II/Finanzas II/Métodos Cuantitativos en Finanzas,0,0,0,0,0,0,0,0,0,0,0,0,0,0,0,0
Matemáticas Financieras,79,Matemáticas Financieras/Matemáticas Financieras/Matemáticas Financieras/Matemáticas Financieras,Matemáticas Financieras,0,0,0,0,0,0,0,0,0,0,0,0,0,0,0,0,0,0
Matemáticas Actuariales del Seguro de Personas II,80,Matemáticas Actuariales del Seguro de Personas II/Matemáticas Actuariales del Seguro de Personas II/Matemáticas Actuariales del Seguro de Personas II/Matemáticas Actuariales del Seguro de Personas II,Matemáticas Actuariales del Seguro de Personas II,0,0,0,0,0,0,0,0,0,0,0,0,0,0,0,0,0,0
Seminario de Aplicaciones Actuariales,81,Seminario de Matemáticas Actuariales Aplicadas,Seminario de Aplicaciones Actuariales,Seminario de Aplicaciones Actuariales I,Seminario de Aplicaciones Actuariales II,Seminario de Matemáticas Actuariales Aplicadas/Seminario de Matemáticas Actuariales Aplicadas/Seminario de Matemáticas Actuariales Aplicadas,Seminario de Aplicaciones Actuariales/Seminario de Aplicaciones Actuariales/Seminario de Aplicaciones Actuariales,/Seminario de Aplicaciones Actuariales/Seminario de Aplicaciones Actuariales/Seminario de Aplicaciones Actuariales I,/Seminario de Aplicaciones Actuariales/Seminario de Aplicaciones Actuariales/Seminario de Aplicaciones Actuariales II,Seminario de Probabilidad A,Teoría de la Medida II/Teoría de la Medida II/Teoría de la Medida II,Teoría de la Medida II,0,0,0,0,0,0,0,0,0
Mercados Financieros y Valuación de Instrumentos,82,Finanzas I,Valuación de Opciones,Mercados Financieros y Valuación de Instrumentos,Finanzas I/Finanzas I/Finanzas I,Valuación de Opciones/Valuación de Opciones/Valuación de Opciones,/Finanzas I/Finanzas I/Mercados Financieros y Valuación de Instrumentos,0,0,0,0,0,0,0,0,0,0,0,0,0,0
Análisis del México Contemporáneo,83,Problemas Socio-Económicos de México,México: Nación Multicultural,Análisis del México Contemporáneo,Problemas Socio-Económicos de México/Problemas Socio-Económicos de México/Problemas Socio-Económicos de México,México: Nación Multicultural/México: Nación Multicultural/México: Nación Multicultural/México: Nación Multicultural,/Problemas Socio-Económicos de México/Problemas Socio-Económicos de México/Análisis del México Contemporáneo,0,0,0,0,0,0,0,0,0,0,0,0,0,0
Economía,84,Economía I,Economía,Economía I/Economía I/Economía I/Economía I,/Economía I/Economía I/Economía/Economía I,Economía I/Economía I/Economía I,Formación Científica II,0,0,0,0,0,0,0,0,0,0,0,0,0,0
Matemáticas Actuariales del Seguro de Personas I,85,Matemáticas Actuariales del Seguro de Personas I/Matemáticas Actuariales del Seguro de Personas I/Matemáticas Actuariales del Seguro de Personas I/Matemáticas Actuariales del Seguro de Personas I,Matemáticas Actuariales del Seguro de Personas I,0,0,0,0,0,0,0,0,0,0,0,0,0,0,0,0,0,0
Teoría del Riesgo,86,Teoría del Riesgo/Teoría del Riesgo/Teoría del Riesgo/Teoría del Riesgo,Teoría del Riesgo,0,0,0,0,0,0,0,0,0,0,0,0,0,0,0,0,0,0
Productos Financieros Derivados,87,Productos Financieros Derivados I,Productos Financieros Derivados II,Productos Financieros Derivados,Productos Financieros Derivados I/Productos Financieros Derivados I/Productos Financieros Derivados I,Productos Financieros Derivados II/Productos Financieros Derivados II/Productos Financieros Derivados II,/Productos Financieros Derivados I/Productos Financieros Derivados I/Productos Financieros Derivados,0,0,0,0,0,0,0,0,0,0,0,0,0,0
Econometría I,88,Econometría I/Econometría I/Econometría I/Econometría I/Econometría I,Econometría I,0,0,0,0,0,0,0,0,0,0,0,0,0,0,0,0,0,0
Temas Selectos de Economía,89,Economía II,Temas Selectos de Economía,Economía II/Economía II/Economía II/Economía II,/Economía II/Economía II/Temas Selectos de Economía/Economía II,Econometría II/Econometría II/Econometría II/Econometría II/Econometría II,Econometría II,0,0,0,0,0,0,0,0,0,0,0,0,0,0
Demografía,90,Demografía I,Demografía II,Demografía,Demografía Avanzada,Demografía I/Demografía I/Demografía I,Demografía II/Demografía II/Demografía II,/Demografía I/Demografía I/Demografía,/Demografía II/Demografía II/Demografía Avanzada,0,0,0,0,0,0,0,0,0,0,0,0
Introducción a Ciencias de la Computación,91,Introducción a Ciencias de la Computación I,Introducción a Ciencias de la Computación II,Introducción a Ciencias de la Computación,Estructuras de Datos,/Introducción a Ciencias de la Computación I/Introducción a Ciencias de la Computación/Introducción a Ciencias de la Computación I,/Introducción a Ciencias de la Computación II/Estructuras de Datos/Introducción a Ciencias de la Computación II/Estructuras de Datos,Robótica,Robótica/Robótica/Robótica,0,0,0,0,0,0,0,0,0,0,0,0
Seguridad Social,92,Seguridad Social/Seguridad Social/Seguridad Social/Seguridad Social,Seguridad Social,0,0,0,0,0,0,0,0,0,0,0,0,0,0,0,0,0,0
Planeación Estratégica,93,Planeación Estratégica/Planeación Estratégica/Planeación Estratégica/Planeación Estratégica,Planeación Estratégica,0,0,0,0,0,0,0,0,0,0,0,0,0,0,0,0,0,0
Administración de Riesgos,94,Administración de Riesgos/Administración de Riesgos/Administración de Riesgos/Administración de Riesgos,Administración de Riesgos,0,0,0,0,0,0,0,0,0,0,0,0,0,0,0,0,0,0
Organización y Arquitectura de Computadoras,95,Arquitectura de Computadoras,Organización y Arquitectura de Computadoras,/Arquitectura de Computadoras/Organización y Arquitectura de Computadoras/Arquitectura de Computadoras,0,0,0,0,0,0,0,0,0,0,0,0,0,0,0,0,0
Análisis de Algoritmos,96,Análisis de Algoritmos I,Análisis de Algoritmos II,Análisis de Algoritmos,/Análisis de Algoritmos I/Análisis de Algoritmos/Análisis de Algoritmos I/Análisis de Algoritmos,Análisis de Algoritmos II/Análisis de Algoritmos II/Análisis de Algoritmos II,0,0,0,0,0,0,0,0,0,0,0,0,0,0,0
Lenguajes de Programación y sus Paradigmas,97,/Lenguajes de Programación y sus Paradigmas/Lenguajes de Programación/Lenguajes de Programación y sus Paradigmas,Lenguajes de Programación y sus Paradigmas,Lenguajes de Programación,Semántica y Verificación/Semántica y Verificación/Semántica y Verificación,Semántica y Verificación,0,0,0,0,0,0,0,0,0,0,0,0,0,0,0
Seminario de Ciencias de la Computación,98,Seminario de Temas Selectos de Computación,Seminario de Ciencias de la Computación A,Seminario de Ciencias de la Computación B,Seminario de Aplicaciones de Cómputo,Seminario de Computación Teórica,/Seminario de Computación Teórica II/Seminario de Ciencias de la Computación A,/Seminario de Aplicaciones de Cómputo II/Seminario de Ciencias de la Computación A/Seminario de Ciencias de la Computación B,Seminario de Aplicaciones de Cómputo II,Seminario de Sistemas para Cómputo B,Seminario de Computación Teórica II,/Seminario de Aplicaciones de Cómputo/Sistemas de Información Geográfica,Métodos Formales,Administración de Sistemas Unix/Linux,Sistemas de Información Geográfica,/Seminario de Aplicaciones de Cómputo/Seminario de Ciencias de la Computación A,/Seminario de Computación Teórica/Seminario de Ciencias de la Computación A,/Seminario de Sistemas para Cómputo B/Computación Distribuida,/Seminario de Sistemas para Cómputo A/Administración de Sistemas Unix/Linux,Seminario de Sistemas para Cómputo A,0
Modelado y Programación,99,Seminario de Programación,Modelado y Programación,Diseño y Programación Orientada a Objetos,Programación Funcional y Lógica,Programación de Dispositivos Móviles,Programación Declarativa,/Seminario de Programación/Programación de Dispositivos Móviles,Modelado y Programación/Modelado y Programación/Modelado y Programación,/Programación Funcional y Lógica/Programación Declarativa,0,0,0,0,0,0,0,0,0,0,0
Lógica Computacional,100,Análisis Lógico,Lógicas no Clásicas,Lógica Computacional,Lógica Computacional II,/Análisis Lógico/Lógica Computacional,0,0,0,0,0,0,0,0,0,0,0,0,0,0,0
Sistemas Dinámicos Discretos I,101,Sistemas Dinámicos Discretos I,0,0,0,0,0,0,0,0,0,0,0,0,0,0,0,0,0,0,0
Topología III,102,Topología III,Topología III/Topología III/Topología III/Topología III/Topología III,0,0,0,0,0,0,0,0,0,0,0,0,0,0,0,0,0,0
Seminario de Álgebra B,103,Seminario de Álgebra B/Seminario de Álgebra B/Seminario de Álgebra B,Seminario de Álgebra B,0,0,0,0,0,0,0,0,0,0,0,0,0,0,0,0,0,0
Programación Lineal,104,Programación Lineal/Programación Lineal/Programación Lineal/Programación Lineal/Programación Lineal/Programación Lineal/Programación Lineal/Programación Lineal,Programación Lineal,0,0,0,0,0,0,0,0,0,0,0,0,0,0,0,0,0,0
Ecuaciones Diferenciales II,105,Ecuaciones Diferenciales II/Ecuaciones Diferenciales II/Ecuaciones Diferenciales II/Ecuaciones Diferenciales II/Ecuaciones Diferenciales II,Ecuaciones Diferenciales II,0,0,0,0,0,0,0,0,0,0,0,0,0,0,0,0,0,0
Ecuaciones Diferenciales Parciales I,106,Ecuaciones Diferenciales Parciales I/Ecuaciones Diferenciales Parciales I/Ecuaciones Diferenciales Parciales I/Ecuaciones Diferenciales Parciales I/Ecuaciones Diferenciales Parciales I,Ecuaciones Diferenciales Parciales I,0,0,0,0,0,0,0,0,0,0,0,0,0,0,0,0,0,0
Geometría Moderna II,107,Geometría Moderna II/Geometría Moderna II/Geometría Moderna II,Geometría Moderna II,0,0,0,0,0,0,0,0,0,0,0,0,0,0,0,0,0,0
Seminario de Geometría B,108,Seminario de Geometría B/Seminario de Geometría B/Seminario de Geometría B,Seminario de Geometría B,0,0,0,0,0,0,0,0,0,0,0,0,0,0,0,0,0,0
Teoría de las Decisiones,109,Teoría de las Decisiones/Teoría de las Decisiones/Teoría de las Decisiones/Teoría de las Decisiones/Teoría de las Decisiones/Teoría de las Decisiones,Teoría de las Decisiones,0,0,0,0,0,0,0,0,0,0,0,0,0,0,0,0,0,0
Seminario de Análisis Combinatorio,110,Seminario de Análisis Combinatorio/Seminario de Análisis Combinatorio/Seminario de Análisis Combinatorio/Seminario de Análisis Combinatorio/Seminario de Análisis Combinatorio,Seminario de Análisis Combinatorio,0,0,0,0,0,0,0,0,0,0,0,0,0,0,0,0,0,0
Lógica Matemática II,111,Lógica Matemática II/Lógica Matemática II/Lógica Matemática II/Lógica Matemática II/Lógica Matemática II/Lógica Matemática II,Lógica Matemática II,0,0,0,0,0,0,0,0,0,0,0,0,0,0,0,0,0,0
Inteligencia Artificial,112,Inteligencia Artificial/Inteligencia Artificial/Inteligencia Artificial/Inteligencia Artificial/Inteligencia Artificial/Inteligencia Artificial,Inteligencia Artificial,0,0,0,0,0,0,0,0,0,0,0,0,0,0,0,0,0,0
Compiladores,113,Compiladores/Compiladores/Compiladores,Compiladores,0,0,0,0,0,0,0,0,0,0,0,0,0,0,0,0,0,0
Seminario Matemáticas Aplicadas II,114,Seminario Matemáticas Aplicadas II/Seminario Matemáticas Aplicadas II/Seminario Matemáticas Aplicadas II,Seminario Matemáticas Aplicadas II,0,0,0,0,0,0,0,0,0,0,0,0,0,0,0,0,0,0
Legislación en Seguro Privado y Social,115,Legislación en Seguro Privado y Social/Legislación en Seguro Privado y Social/Legislación en Seguro Privado y Social/Legislación en Seguro Privado y Social,Legislación en Seguro Privado y Social,0,0,0,0,0,0,0,0,0,0,0,0,0,0,0,0,0,0
Diseño de Interfaces de Usuario,116,Diseño de Sistemas Digitales,Diseño de interfaces,Diseño de Interfaces de Usuario,Diseño de Sistemas Digitales/Diseño de Sistemas Digitales/Diseño de Sistemas Digitales,/Diseño de interfaces/Diseño de Interfaces de Usuario,0,0,0,0,0,0,0,0,0,0,0,0,0,0,0
Sistemas Operativos,117,Sistemas Operativos/Sistemas Operativos/Sistemas Operativos/Sistemas Operativos,Sistemas Operativos,0,0,0,0,0,0,0,0,0,0,0,0,0,0,0,0,0,0
Reconocimiento de Patrones y Aprendizaje Automatizado,118,Seminario de Temas Selectos de Computación II,Seminario de Inteligencia Artificial II,Reconocimiento de Patrones,Computación Cuántica I,Computación Cuántica II,Reconocimiento de Patrones y Aprendizaje Automatizado,/Seminario de Temas Selectos de Computación II/Computación Cuántica II,/Seminario de Inteligencia Artificial II/Reconocimiento de Patrones,/Seminario de Temas Selectos de Computación II/Reconocimiento de Patrones y Aprendizaje Automatizado,Sistemas Expertos,Razonamiento Automatizado,0,0,0,0,0,0,0,0,0
Introducción a la Geometría Avanzada,119,Introducción a la Geometría Avanzada,0,0,0,0,0,0,0,0,0,0,0,0,0,0,0,0,0,0,0
Seminario Filosofía de las Matemáticas,120,Seminario Filosofía de las Matemáticas,Seminario de Filosofía de la Ciencia II,Seminario de Filosofía de la Ciencia III,Seminario de Filosofía de la Ciencia IV,Seminario de Filosofía de la Ciencia II/Seminario de Filosofía de la Ciencia II/Seminario de Filosofía de la Ciencia II,Seminario de Filosofía de la Ciencia III/Seminario de Filosofía de la Ciencia III/Seminario de Filosofía de la Ciencia III,Seminario de Filosofía de la Ciencia IV/Seminario de Filosofía de la Ciencia IV/Seminario de Filosofía de la Ciencia IV,Seminario Filosofía de las Matemáticas/Seminario Filosofía de las Matemáticas/Seminario Filosofía de las Matemáticas,0,0,0,0,0,0,0,0,0,0,0,0
Conjuntos Convexos,121,Conjuntos Convexos/Conjuntos Convexos/Conjuntos Convexos,Conjuntos Convexos,0,0,0,0,0,0,0,0,0,0,0,0,0,0,0,0,0,0
Geometría Diferencial II,122,Geometría Diferencial II/Geometría Diferencial II/Geometría Diferencial II,Geometría Diferencial II,0,0,0,0,0,0,0,0,0,0,0,0,0,0,0,0,0,0
Procesos Estocásticos II,123,Procesos Estocásticos II/Procesos Estocásticos II/Procesos Estocásticos II/Procesos Estocásticos II/Procesos Estocásticos II/Procesos Estocásticos II,Procesos Estocásticos II,0,0,0,0,0,0,0,0,0,0,0,0,0,0,0,0,0,0
Lógica Matemática III,124,Lógica Matemática III/Lógica Matemática III/Lógica Matemática III/Lógica Matemática III/Lógica Matemática III/Lógica Matemática III/Lógica Matemática III,Lógica Matemática III,0,0,0,0,0,0,0,0,0,0,0,0,0,0,0,0,0,0
Seminario Matemáticas Aplicadas I,125,Seminario Matemáticas Aplicadas I/Seminario Matemáticas Aplicadas I/Seminario Matemáticas Aplicadas I,Seminario Matemáticas Aplicadas I,Seminario de Cálculo de Formas Diferenciales,0,0,0,0,0,0,0,0,0,0,0,0,0,0,0,0,0
Seminario Sobre Enseñanza Matemáticas III,126,Seminario Sobre Enseñanza Matemáticas III,Seminario Sobre Enseñanza Matemáticas III/Seminario Sobre Enseñanza Matemáticas III/Seminario Sobre Enseñanza Matemáticas III,0,0,0,0,0,0,0,0,0,0,0,0,0,0,0,0,0,0
Álgebra Moderna IV,127,Álgebra Moderna IV,Álgebra Moderna IV/Álgebra Moderna IV/Álgebra Moderna IV,0,0,0,0,0,0,0,0,0,0,0,0,0,0,0,0,0,0
Teoría de los Números II,128,Teoría de los Números II,Teoría de los Números II/Teoría de los Números II/Teoría de los Números II/Teoría de los Números II/Teoría de los Números II,0,0,0,0,0,0,0,0,0,0,0,0,0,0,0,0,0,0
Análisis Matemático IV,129,Análisis Matemático IV,Análisis Matemático IV/Análisis Matemático IV/Análisis Matemático IV/Análisis Matemático IV/Análisis Matemático IV,0,0,0,0,0,0,0,0,0,0,0,0,0,0,0,0,0,0
Topología Diferencial I,130,Topología Diferencial I/Topología Diferencial I/Topología Diferencial I,Topología Diferencial I,0,0,0,0,0,0,0,0,0,0,0,0,0,0,0,0,0,0
Ecuaciones Diferenciales III,131,Ecuaciones Diferenciales III/Ecuaciones Diferenciales III/Ecuaciones Diferenciales III/Ecuaciones Diferenciales III/Ecuaciones Diferenciales III,Ecuaciones Diferenciales III,0,0,0,0,0,0,0,0,0,0,0,0,0,0,0,0,0,0
Análisis Multivariado,132,Análisis Multivariado/Análisis Multivariado/Análisis Multivariado/Análisis Multivariado/Análisis Multivariado,Análisis Multivariado,0,0,0,0,0,0,0,0,0,0,0,0,0,0,0,0,0,0
Estadística Bayesiana,133,Estadística Bayesiana/Estadística Bayesiana/Estadística Bayesiana/Estadística Bayesiana/Estadística Bayesiana/Estadística Bayesiana,Estadística Bayesiana,0,0,0,0,0,0,0,0,0,0,0,0,0,0,0,0,0,0
Teoría de la Medida I,134,Teoría de la Medida I,Teoría de la Medida I/Teoría de la Medida I/Teoría de la Medida I/Teoría de la Medida I/Teoría de la Medida I/Teoría de la Medida I,0,0,0,0,0,0,0,0,0,0,0,0,0,0,0,0,0,0
Temas Selectos de Investigación de Operaciones,135,Seminario de Investigación de Operaciones,Temas Selectos de Investigación de Operaciones,Seminario de Investigación de Operaciones/Seminario de Investigación de Operaciones/Seminario de Investigación de Operaciones/Seminario de Investigación de Operaciones,/Seminario de Investigación de Operaciones/Seminario de Investigación de Operaciones/Temas Selectos de Investigación de Operaciones/Seminario de Investigación de Operaciones/Temas Selectos de Investigación de Operaciones,Seminario de Investigación de Operaciones/Seminario de Investigación de Operaciones/Seminario de Investigación de Operaciones,0,0,0,0,0,0,0,0,0,0,0,0,0,0,0
Ingeniería de Software II,136,Temas Selectos de Ingeniería de Software B,Temas Selectos de Ingeniería de Software A,Tecnologías para Desarrollos en Internet,Ingeniería de Software II,Patrones de Diseño de Software,/Temas Selectos de Ingeniería de Software A/Tecnologías para Desarrollos en Internet,/Temas Selectos de Ingeniería de Software A/Ingeniería de Software II,/Temas Selectos de Ingeniería de Software B/Patrones de Diseño de Software,0,0,0,0,0,0,0,0,0,0,0,0
Conjuntos y Lógica,137,Conjuntos y Lógica,0,0,0,0,0,0,0,0,0,0,0,0,0,0,0,0,0,0,0
Biología Matemática I,138,Biología Matemática I/Biología Matemática I/Biología Matemática I,Biología Matemática I,0,0,0,0,0,0,0,0,0,0,0,0,0,0,0,0,0,0
Geometría Algebraica I,139,Geometría Algebraica I/Geometría Algebraica I/Geometría Algebraica I,Geometría Algebraica I,0,0,0,0,0,0,0,0,0,0,0,0,0,0,0,0,0,0
Geometría Diferencial III,140,Geometría Diferencial III/Geometría Diferencial III/Geometría Diferencial III,Geometría Diferencial III,0,0,0,0,0,0,0,0,0,0,0,0,0,0,0,0,0,0
Geometría Proyectiva,141,Geometría Proyectiva/Geometría Proyectiva/Geometría Proyectiva/Geometría Proyectiva,Geometría Proyectiva,0,0,0,0,0,0,0,0,0,0,0,0,0,0,0,0,0,0
Geometría Riemanniana I,142,Geometría Riemanniana I/Geometría Riemanniana I/Geometría Riemanniana I,Geometría Riemanniana I,0,0,0,0,0,0,0,0,0,0,0,0,0,0,0,0,0,0
Seminario de Estadística I,143,Diseño de Experimentos,Seminario de Estadística I,Diseño de Experimentos/Diseño de Experimentos/Diseño de Experimentos/Diseño de Experimentos,/Seminario de Aplicaciones Actuariales/Seminario de Aplicaciones Actuariales/Seminario de Estadística I,0,0,0,0,0,0,0,0,0,0,0,0,0,0,0,0
Seminario de Análisis Matemático B,144,Seminario de Análisis Matemático B/Seminario de Análisis Matemático B/Seminario de Análisis Matemático B,Seminario de Análisis Matemático B,0,0,0,0,0,0,0,0,0,0,0,0,0,0,0,0,0,0
Seminario de Topología B,145,Seminario de Topología B/Seminario de Topología B/Seminario de Topología B,Seminario de Topología B,Topología Diferencial II/Topología Diferencial II/Topología Diferencial II,Topología Diferencial II,0,0,0,0,0,0,0,0,0,0,0,0,0,0,0,0
Auditoría Actuarial,146,Auditoría Actuarial/Auditoría Actuarial/Auditoría Actuarial/Auditoría Actuarial,Auditoría Actuarial,0,0,0,0,0,0,0,0,0,0,0,0,0,0,0,0,0,0
Seminario de Análisis Matemático A,147,Seminario de Análisis Matemático A/Seminario de Análisis Matemático A/Seminario de Análisis Matemático A/Seminario de Análisis Matemático A,Seminario de Análisis Matemático A,0,0,0,0,0,0,0,0,0,0,0,0,0,0,0,0,0,0
Seminario sobre Enseñanza de las Matemáticas IV,148,Seminario sobre Enseñanza de las Matemáticas IV/Seminario sobre Enseñanza de las Matemáticas IV/Seminario sobre Enseñanza de las Matemáticas IV,Seminario sobre Enseñanza de las Matemáticas IV,0,0,0,0,0,0,0,0,0,0,0,0,0,0,0,0,0,0
Mercadotecnia de Seguros,149,Mercadotecnia de Seguros/Mercadotecnia de Seguros/Mercadotecnia de Seguros/Mercadotecnia de Seguros,Mercadotecnia de Seguros,Contabilidad de Seguros/Contabilidad de Seguros/Contabilidad de Seguros,Contabilidad de Seguros,0,0,0,0,0,0,0,0,0,0,0,0,0,0,0,0
Carteras de Inversión,150,Carteras de Inversión/Carteras de Inversión/Carteras de Inversión/Carteras de Inversión,Carteras de Inversión,0,0,0,0,0,0,0,0,0,0,0,0,0,0,0,0,0,0
Graficación por Computadoras,151,Graficación por Computadoras/Graficación por Computadoras/Graficación por Computadoras,Graficación por Computadoras,Visualización/Visualización/Visualización,Visualización,Geometría Computacional/Geometría Computacional/Geometría Computacional,Geometría Computacional,Visión Por Computadora,0,0,0,0,0,0,0,0,0,0,0,0,0
Proceso Digital de Imagenes,152,Proceso Digital de Imagenes/Proceso Digital de Imagenes/Proceso Digital de Imagenes,Proceso Digital de Imagenes,0,0,0,0,0,0,0,0,0,0,0,0,0,0,0,0,0,0
Taller de Herramientas Computacionales,153,Seminario de Ciencias Computacionales,Taller de Herramientas Computacionales,Sistemas Dinámicos Computacionales I,Lingüística Computacional,/Seminario de Ciencias Computacionales/Sistemas Dinámicos Computacionales I,/Herramientas de Computación para las Ciencias/Algoritmos de Apareamiento de Cadenas,Herramientas de Computación para las Ciencias,Algoritmos de Apareamiento de Cadenas,0,0,0,0,0,0,0,0,0,0,0,0
Redes Neuronales,154,/Redes Neuronales y Autómatas Celulares/Redes Neuronales,Redes Neuronales,Redes Neuronales y Autómatas Celulares,0,0,0,0,0,0,0,0,0,0,0,0,0,0,0,0,0
Algoritmos Paralelos,155,/Procesos Paralelos y Distribuidos/Algoritmos Paralelos/Algoritmos Paralelos,Procesos Paralelos y Distribuidos,Algoritmos Paralelos,0,0,0,0,0,0,0,0,0,0,0,0,0,0,0,0,0
Cómputo Evolutivo,156,/Algoritmos Genéticos/Cómputo Evolutivo,Algoritmos Genéticos,Cómputo Evolutivo,0,0,0,0,0,0,0,0,0,0,0,0,0,0,0,0,0
Biología Matemática II,157,Biología Matemática II/Biología Matemática II/Biología Matemática II,Biología Matemática II,0,0,0,0,0,0,0,0,0,0,0,0,0,0,0,0,0,0
Ecuaciones Diferenciales Parciales II,158,Ecuaciones Diferenciales Parciales II/Ecuaciones Diferenciales Parciales II/Ecuaciones Diferenciales Parciales II/Ecuaciones Diferenciales Parciales II,Ecuaciones Diferenciales Parciales II,0,0,0,0,0,0,0,0,0,0,0,0,0,0,0,0,0,0
Control Estadístico de la Calidad,159,Simulación y Control,Control Estadístico de la Calidad,Simulación y Control/Simulación y Control/Simulación y Control/Simulación y Control,Control Estadístico de la Calidad/Control Estadístico de la Calidad/Control Estadístico de la Calidad/Control Estadístico de la Calidad,0,0,0,0,0,0,0,0,0,0,0,0,0,0,0,0
Teoría de los Conjuntos III,160,Teoría de los Conjuntos III/Teoría de los Conjuntos III/Teoría de los Conjuntos III,Teoría de los Conjuntos III,0,0,0,0,0,0,0,0,0,0,0,0,0,0,0,0,0,0
Variable Compleja III,161,Variable Compleja III/Variable Compleja III/Variable Compleja III,Variable Compleja III,0,0,0,0,0,0,0,0,0,0,0,0,0,0,0,0,0,0
Finanzas Corporativas,162,Finanzas Corporativas/Finanzas Corporativas/Finanzas Corporativas/Finanzas Corporativas,Finanzas Corporativas,0,0,0,0,0,0,0,0,0,0,0,0,0,0,0,0,0,0
Teoría de Códigos,163,Teoría de Códigos/Teoría de Códigos/Teoría de Códigos,Teoría de Códigos,0,0,0,0,0,0,0,0,0,0,0,0,0,0,0,0,0,0
Introducción a la Investigación Social,164,Introducción a la Investigación Social/Introducción a la Investigación Social/Introducción a la Investigación Social/Introducción a la Investigación Social,Introducción a la Investigación Social,0,0,0,0,0,0,0,0,0,0,0,0,0,0,0,0,0,0
Seminario de Ciencia y Sociedad I,165,Seminario de Ciencia y Sociedad I/Seminario de Ciencia y Sociedad I/Seminario de Ciencia y Sociedad I,Seminario de Ciencia y Sociedad I,0,0,0,0,0,0,0,0,0,0,0,0,0,0,0,0,0,0
Complejidad Computacional,166,Complejidad Computacional/Complejidad Computacional/Complejidad Computacional/Complejidad Computacional,Complejidad Computacional,0,0,0,0,0,0,0,0,0,0,0,0,0,0,0,0,0,0
Inglés I,167,Inglés I,0,0,0,0,0,0,0,0,0,0,0,0,0,0,0,0,0,0,0
Sistemas Dinámicos Discretos II,168,Sistemas Dinámicos Discretos II,0,0,0,0,0,0,0,0,0,0,0,0,0,0,0,0,0,0,0
Programación Entera,169,Programación Entera/Programación Entera/Programación Entera/Programación Entera/Programación Entera/Programación Entera/Programación Entera/Programación Entera,Programación Entera,0,0,0,0,0,0,0,0,0,0,0,0,0,0,0,0,0,0
Seminario de Ciencia y Sociedad II,170,Seminario de Ciencia y Sociedad II,Seminario de Ciencia y Sociedad II/Seminario de Ciencia y Sociedad II/Seminario de Ciencia y Sociedad II,0,0,0,0,0,0,0,0,0,0,0,0,0,0,0,0,0,0
Inglés II,171,Inglés II,0,0,0,0,0,0,0,0,0,0,0,0,0,0,0,0,0,0,0
Matemáticas para las Ciencias Aplicadas I,172,Matemáticas para las Ciencias Aplicadas I,0,0,0,0,0,0,0,0,0,0,0,0,0,0,0,0,0,0,0
Matemáticas para las Ciencias Aplicadas II,173,Matemáticas para las Ciencias Aplicadas II,0,0,0,0,0,0,0,0,0,0,0,0,0,0,0,0,0,0,0
Inglés III,174,Inglés III,0,0,0,0,0,0,0,0,0,0,0,0,0,0,0,0,0,0,0
Matemáticas para las Ciencias Aplicadas III,175,Matemáticas para las Ciencias Aplicadas III,0,0,0,0,0,0,0,0,0,0,0,0,0,0,0,0,0,0,0
Matemáticas para las Ciencias Aplicadas IV,176,Matemáticas para las Ciencias Aplicadas IV,0,0,0,0,0,0,0,0,0,0,0,0,0,0,0,0,0,0,0
Inglés IV,177,Inglés IV,0,0,0,0,0,0,0,0,0,0,0,0,0,0,0,0,0,0,0
Programación no Lineal,178,Programación no Lineal/Programación no Lineal/Programación no Lineal/Programación no Lineal/Programación no Lineal/Programación no Lineal/Programación no Lineal/Programación no Lineal,Programación no Lineal,0,0,0,0,0,0,0,0,0,0,0,0,0,0,0,0,0,0
Inglés V,179,Inglés V,0,0,0,0,0,0,0,0,0,0,0,0,0,0,0,0,0,0,0
Diseño y Programación de Videojuegos,180,Diseño y Programación de Videojuegos,0,0,0,0,0,0,0,0,0,0,0,0,0,0,0,0,0,0,0
Inglés VI,181,Inglés VI,0,0,0,0,0,0,0,0,0,0,0,0,0,0,0,0,0,0,0
Criptografía y Seguridad,182,Introducción a la Criptografía,Criptografía y Seguridad,0,0,0,0,0,0,0,0,0,0,0,0,0,0,0,0,0,0
Métricas de Software,183,Métricas de Software,0,0,0,0,0,0,0,0,0,0,0,0,0,0,0,0,0,0,0
Genómica Computacional,184,Genómica Computacional,0,0,0,0,0,0,0,0,0,0,0,0,0,0,0,0,0,0,0
Realidad Virtual,185,Realidad Virtual,0,0,0,0,0,0,0,0,0,0,0,0,0,0,0,0,0,0,0
Seminario de Apoyo a la Titulación en Actuaría A,186,Seminario de Apoyo a la Titulación en Actuaría A,0,0,0,0,0,0,0,0,0,0,0,0,0,0,0,0,0,0,0
Seminario de Apoyo a la Titulación en Matemáticas,187,Seminario de Apoyo a la Titulación en Matemáticas A,Seminario de Apoyo a la Titulación en Matemáticas B,0,0,0,0,0,0,0,0,0,0,0,0,0,0,0,0,0,0
Seminario de Apoyo a la Titulación en Actuaría B,188,Seminario de Apoyo a la Titulación en Actuaría B,0,0,0,0,0,0,0,0,0,0,0,0,0,0,0,0,0,0,0
Seminario de Apoyo a la Titulación en Ciencias de la Computación,189,Seminario de Apoyo a la Titulación en Ciencias de la Computación A,Seminario de Apoyo a la Titulación en Ciencias de la Computación B,0,0,0,0,0,0,0,0,0,0,0,0,0,0,0,0,0,0
Ciencia Básica,190,Ciencia Básica,0,0,0,0,0,0,0,0,0,0,0,0,0,0,0,0,0,0,0
Geometría Riemanniana II,191,Geometría Riemanniana II/Geometría Riemanniana II/Geometría Riemanniana II,Geometría Riemanniana II,0,0,0,0,0,0,0,0,0,0,0,0,0,0,0,0,0,0
Taller de Modelación I,192,Taller de Modelación I,0,0,0,0,0,0,0,0,0,0,0,0,0,0,0,0,0,0,0
Simulación Estocástica,193,Simulación Estocástica/Simulación Estocástica/Simulación Estocástica,Simulación Estocástica,0,0,0,0,0,0,0,0,0,0,0,0,0,0,0,0,0,0
Taller de Modelación II,194,Taller de Modelación II,0,0,0,0,0,0,0,0,0,0,0,0,0,0,0,0,0,0,0
Análisis Matemático Aplicado,195,Análisis Matemático Aplicado,0,0,0,0,0,0,0,0,0,0,0,0,0,0,0,0,0,0,0
Sistemas Dinámicos no Lineales,196,Sistemas Dinámicos no Lineales,0,0,0,0,0,0,0,0,0,0,0,0,0,0,0,0,0,0,0
Proyecto I,197,Proyecto I,0,0,0,0,0,0,0,0,0,0,0,0,0,0,0,0,0,0,0
Modelos Lineales,198,Modelos Lineales/Modelos Lineales/Modelos Lineales,Modelos Lineales,0,0,0,0,0,0,0,0,0,0,0,0,0,0,0,0,0,0
Taller de Redacción,199,Taller de Redacción,0,0,0,0,0,0,0,0,0,0,0,0,0,0,0,0,0,0,0
Solución Numérica de Ecuaciones Diferenciales Ordinarias,200,Solución Numérica de Ecuaciones Diferenciales Ordinarias,0,0,0,0,0,0,0,0,0,0,0,0,0,0,0,0,0,0,0
Computación Distribuida,201,Computación Distribuida,Principios de Computación Distribuida,/Principios de Computación Distribuida/Computación Concurrente,Computación Concurrente,0,0,0,0,0,0,0,0,0,0,0,0,0,0,0,0
Animación por Computadora,202,Animación por Computadora,/Seminario de Aplicaciones de Cómputo/Animación por Computadora,0,0,0,0,0,0,0,0,0,0,0,0,0,0,0,0,0,0
